{
  "prepare_queue": {
    "installed": [],
    "uninstalled": []
  },
  "config_munge": {
    "files": {}
  },
  "installed_plugins": {
    "cordova-plugin-bluetoothle": {
      "PACKAGE_NAME": "io.cordova.hellocordova"
    },
    "cordova-plugin-whitelist": {
      "PACKAGE_NAME": "io.cordova.hellocordova"
    }
  },
  "dependent_plugins": {},
  "modules": [
    {
      "file": "plugins/cordova-plugin-bluetoothle/www/bluetoothle.js",
      "id": "cordova-plugin-bluetoothle.BluetoothLe",
      "pluginId": "cordova-plugin-bluetoothle",
      "clobbers": [
        "window.bluetoothle"
      ]
    }
  ],
  "plugin_metadata": {
    "cordova-plugin-bluetoothle": "6.2.0",
    "cordova-plugin-whitelist": "1.3.4"
  }
}
